period,total_items,avg_score,overall_positive_pct,overall_neutral_pct,overall_negative_pct,overall_mixed_pct,financial_performance_mentions,financial_performance_positive_pct,financial_performance_neutral_pct,financial_performance_negative_pct,product_quality_mentions,product_quality_positive_pct,product_quality_neutral_pct,product_quality_negative_pct,user_experience_mentions,user_experience_positive_pct,user_experience_neutral_pct,user_experience_negative_pct,business_practices_mentions,business_practices_positive_pct,business_practices_neutral_pct,business_practices_negative_pct,publisher_relations_mentions,publisher_relations_positive_pct,publisher_relations_neutral_pct,publisher_relations_negative_pct,advertiser_value_mentions,advertiser_value_positive_pct,advertiser_value_neutral_pct,advertiser_value_negative_pct
2015-02-02,1,0.0,100.0,0.0,0.0,0.0,1.0,100.0,0.0,0.0,,,,,,,,,,,,,,,,,,,,
2016-01-04,10,5.3,10.0,20.0,40.0,30.0,2.0,50.0,0.0,50.0,5.0,20.0,0.0,60.0,6.0,0.0,0.0,100.0,7.0,14.285714285714285,0.0,85.71428571428571,4.0,0.0,0.0,100.0,6.0,16.666666666666664,16.666666666666664,33.33333333333333
2016-01-11,3,1.0,0.0,33.33333333333333,33.33333333333333,33.33333333333333,2.0,0.0,0.0,100.0,2.0,0.0,0.0,50.0,2.0,0.0,0.0,100.0,2.0,0.0,0.0,100.0,2.0,0.0,50.0,50.0,3.0,33.33333333333333,0.0,66.66666666666666
2016-01-18,1,2.0,0.0,0.0,100.0,0.0,,,,,1.0,0.0,0.0,100.0,1.0,0.0,0.0,100.0,1.0,0.0,0.0,100.0,,,,,,,,
2016-06-27,1,1.0,100.0,0.0,0.0,0.0,,,,,1.0,100.0,0.0,0.0,1.0,100.0,0.0,0.0,1.0,100.0,0.0,0.0,1.0,100.0,0.0,0.0,1.0,100.0,0.0,0.0
2020-07-06,31,11.580645161290322,9.67741935483871,45.16129032258064,45.16129032258064,0.0,5.0,40.0,40.0,20.0,9.0,11.11111111111111,0.0,88.88888888888889,8.0,0.0,0.0,100.0,23.0,4.3478260869565215,30.434782608695656,65.21739130434783,2.0,0.0,0.0,100.0,9.0,22.22222222222222,22.22222222222222,55.55555555555556
2020-07-13,1,1.0,0.0,0.0,100.0,0.0,,,,,1.0,0.0,0.0,100.0,1.0,0.0,0.0,100.0,1.0,0.0,0.0,100.0,,,,,,,,
2020-07-20,1,2.0,0.0,0.0,100.0,0.0,,,,,1.0,0.0,0.0,100.0,1.0,0.0,0.0,100.0,1.0,0.0,0.0,100.0,,,,,1.0,0.0,0.0,100.0
2020-07-27,1,37.0,0.0,0.0,100.0,0.0,,,,,1.0,0.0,0.0,100.0,1.0,0.0,0.0,100.0,1.0,0.0,0.0,100.0,,,,,,,,
2020-08-03,1,1.0,0.0,0.0,100.0,0.0,,,,,1.0,0.0,0.0,100.0,1.0,0.0,0.0,100.0,1.0,0.0,0.0,100.0,,,,,,,,
2020-08-10,1,1.0,0.0,100.0,0.0,0.0,,,,,,,,,,,,,,,,,,,,,,,,
2020-08-17,1,3.0,0.0,0.0,100.0,0.0,,,,,1.0,0.0,0.0,100.0,1.0,0.0,0.0,100.0,1.0,0.0,0.0,100.0,1.0,0.0,0.0,100.0,,,,
2021-01-25,9,15.555555555555555,22.22222222222222,11.11111111111111,55.55555555555556,11.11111111111111,4.0,50.0,0.0,50.0,5.0,0.0,0.0,100.0,5.0,0.0,0.0,100.0,5.0,0.0,20.0,80.0,3.0,0.0,0.0,100.0,4.0,0.0,0.0,100.0
2021-02-01,10,2.0,0.0,50.0,50.0,0.0,5.0,60.0,20.0,20.0,4.0,0.0,25.0,75.0,5.0,0.0,20.0,80.0,8.0,0.0,37.5,62.5,6.0,16.666666666666664,0.0,66.66666666666666,3.0,0.0,33.33333333333333,66.66666666666666
2021-02-08,3,1.3333333333333333,33.33333333333333,0.0,33.33333333333333,33.33333333333333,1.0,100.0,0.0,0.0,,,,,1.0,0.0,0.0,100.0,2.0,0.0,0.0,100.0,2.0,50.0,0.0,50.0,,,,
2021-03-08,1,1.0,100.0,0.0,0.0,0.0,,,,,,,,,,,,,,,,,,,,,,,,
2021-04-12,1,1.0,0.0,0.0,100.0,0.0,,,,,1.0,0.0,0.0,100.0,,,,,1.0,0.0,0.0,100.0,,,,,,,,
2022-01-10,1,1.0,0.0,100.0,0.0,0.0,,,,,1.0,0.0,100.0,0.0,,,,,1.0,0.0,0.0,100.0,,,,,,,,
2022-08-15,21,3.238095238095238,14.285714285714285,23.809523809523807,61.904761904761905,0.0,11.0,18.181818181818183,9.090909090909092,63.63636363636363,10.0,0.0,20.0,80.0,6.0,0.0,0.0,100.0,20.0,10.0,25.0,65.0,11.0,18.181818181818183,9.090909090909092,72.72727272727273,13.0,23.076923076923077,0.0,69.23076923076923
2022-08-22,3,1.0,33.33333333333333,0.0,33.33333333333333,33.33333333333333,3.0,100.0,0.0,0.0,2.0,0.0,0.0,100.0,2.0,0.0,0.0,100.0,3.0,33.33333333333333,33.33333333333333,33.33333333333333,,,,,3.0,66.66666666666666,0.0,33.33333333333333
2022-08-29,53,4.773584905660377,9.433962264150944,39.62264150943396,50.943396226415096,0.0,,,,,22.0,22.727272727272727,4.545454545454546,72.72727272727273,32.0,9.375,18.75,71.875,27.0,0.0,7.4074074074074066,92.5925925925926,1.0,0.0,0.0,100.0,8.0,37.5,0.0,50.0
2022-10-10,12,4.833333333333333,0.0,50.0,41.66666666666667,8.333333333333332,3.0,0.0,0.0,100.0,8.0,0.0,37.5,62.5,4.0,0.0,25.0,75.0,10.0,0.0,60.0,40.0,2.0,0.0,0.0,100.0,10.0,20.0,20.0,60.0
2022-12-05,1,2.0,100.0,0.0,0.0,0.0,,,,,1.0,100.0,0.0,0.0,1.0,100.0,0.0,0.0,,,,,,,,,1.0,100.0,0.0,0.0
2023-02-13,1,2.0,0.0,100.0,0.0,0.0,1.0,100.0,0.0,0.0,,,,,1.0,0.0,0.0,100.0,1.0,0.0,0.0,100.0,,,,,1.0,0.0,0.0,0.0
2023-04-10,1,1.0,0.0,0.0,100.0,0.0,,,,,1.0,0.0,0.0,100.0,1.0,0.0,0.0,100.0,,,,,,,,,,,,
2023-04-24,2,1.5,0.0,0.0,100.0,0.0,1.0,0.0,0.0,100.0,2.0,0.0,0.0,100.0,2.0,0.0,0.0,100.0,2.0,0.0,0.0,100.0,1.0,0.0,0.0,100.0,2.0,0.0,0.0,100.0
2023-06-12,7,1.1428571428571428,42.857142857142854,14.285714285714285,28.57142857142857,14.285714285714285,3.0,100.0,0.0,0.0,2.0,0.0,0.0,100.0,2.0,0.0,0.0,100.0,6.0,33.33333333333333,0.0,50.0,5.0,60.0,20.0,20.0,7.0,28.57142857142857,14.285714285714285,42.857142857142854
2023-09-11,1,1.0,0.0,0.0,100.0,0.0,1.0,100.0,0.0,0.0,,,,,,,,,1.0,0.0,0.0,100.0,,,,,,,,
2023-09-25,3,3.3333333333333335,0.0,33.33333333333333,66.66666666666666,0.0,,,,,2.0,0.0,0.0,100.0,2.0,0.0,0.0,100.0,2.0,0.0,0.0,100.0,,,,,2.0,0.0,0.0,100.0
2023-10-02,1,1.0,0.0,0.0,100.0,0.0,,,,,1.0,0.0,0.0,100.0,1.0,0.0,0.0,100.0,1.0,0.0,0.0,100.0,,,,,,,,
2024-01-08,2,1.0,0.0,100.0,0.0,0.0,,,,,,,,,,,,,1.0,0.0,100.0,0.0,,,,,,,,
2024-03-04,20,5.7,5.0,35.0,50.0,10.0,6.0,33.33333333333333,16.666666666666664,50.0,12.0,0.0,16.666666666666664,83.33333333333334,9.0,0.0,0.0,100.0,14.0,7.142857142857142,7.142857142857142,71.42857142857143,4.0,25.0,0.0,75.0,13.0,23.076923076923077,7.6923076923076925,69.23076923076923
2024-03-11,1,17.0,0.0,0.0,100.0,0.0,,,,,1.0,0.0,0.0,100.0,1.0,0.0,0.0,100.0,,,,,,,,,,,,
2024-04-01,2,2.0,50.0,0.0,50.0,0.0,1.0,100.0,0.0,0.0,,,,,,,,,2.0,0.0,0.0,50.0,,,,,1.0,100.0,0.0,0.0
2024-04-08,2,1.5,0.0,50.0,0.0,50.0,,,,,2.0,0.0,50.0,0.0,1.0,0.0,100.0,0.0,1.0,0.0,100.0,0.0,,,,,2.0,0.0,50.0,0.0
2024-04-22,13,4.846153846153846,0.0,7.6923076923076925,84.61538461538461,7.6923076923076925,4.0,50.0,0.0,50.0,10.0,0.0,0.0,100.0,10.0,0.0,0.0,100.0,13.0,0.0,7.6923076923076925,84.61538461538461,9.0,0.0,0.0,100.0,11.0,0.0,0.0,90.9090909090909
2024-04-29,1,1.0,0.0,0.0,100.0,0.0,1.0,0.0,100.0,0.0,,,,,,,,,1.0,0.0,0.0,100.0,1.0,0.0,0.0,100.0,1.0,0.0,0.0,100.0
2024-05-13,2,1.0,0.0,0.0,100.0,0.0,1.0,0.0,100.0,0.0,2.0,0.0,0.0,100.0,2.0,0.0,0.0,100.0,2.0,0.0,0.0,100.0,1.0,0.0,0.0,100.0,2.0,0.0,0.0,50.0
2024-07-08,3,3.3333333333333335,0.0,33.33333333333333,66.66666666666666,0.0,,,,,1.0,0.0,0.0,100.0,3.0,0.0,33.33333333333333,66.66666666666666,2.0,0.0,0.0,100.0,1.0,0.0,0.0,100.0,1.0,0.0,0.0,100.0
2024-08-05,2,1.5,0.0,50.0,50.0,0.0,,,,,1.0,0.0,0.0,100.0,1.0,0.0,0.0,100.0,1.0,0.0,0.0,100.0,,,,,,,,
2024-08-12,2,1.0,0.0,50.0,50.0,0.0,1.0,0.0,0.0,100.0,1.0,0.0,0.0,100.0,1.0,0.0,0.0,100.0,1.0,0.0,0.0,100.0,,,,,1.0,0.0,0.0,100.0
2024-08-19,2,1.0,50.0,50.0,0.0,0.0,1.0,100.0,0.0,0.0,,,,,,,,,,,,,,,,,1.0,100.0,0.0,0.0
2024-08-26,1,2.0,0.0,100.0,0.0,0.0,,,,,,,,,,,,,,,,,,,,,1.0,0.0,100.0,0.0
2024-09-02,27,4.222222222222222,7.4074074074074066,40.74074074074074,33.33333333333333,18.51851851851852,5.0,40.0,20.0,40.0,16.0,18.75,6.25,62.5,10.0,0.0,0.0,100.0,8.0,0.0,37.5,62.5,2.0,0.0,50.0,50.0,19.0,15.789473684210526,15.789473684210526,47.368421052631575
2024-10-07,2,1.5,0.0,100.0,0.0,0.0,,,,,1.0,0.0,100.0,0.0,,,,,,,,,,,,,1.0,100.0,0.0,0.0
2024-10-14,2,1.5,50.0,50.0,0.0,0.0,1.0,100.0,0.0,0.0,1.0,100.0,0.0,0.0,1.0,100.0,0.0,0.0,,,,,,,,,1.0,100.0,0.0,0.0
2024-10-21,4,1.25,25.0,75.0,0.0,0.0,1.0,0.0,100.0,0.0,2.0,50.0,50.0,0.0,1.0,100.0,0.0,0.0,2.0,0.0,100.0,0.0,2.0,50.0,50.0,0.0,1.0,100.0,0.0,0.0
2024-10-28,1,2.0,100.0,0.0,0.0,0.0,1.0,100.0,0.0,0.0,1.0,100.0,0.0,0.0,1.0,100.0,0.0,0.0,1.0,0.0,100.0,0.0,1.0,100.0,0.0,0.0,1.0,100.0,0.0,0.0
2024-11-04,1,1.0,100.0,0.0,0.0,0.0,1.0,100.0,0.0,0.0,,,,,,,,,,,,,,,,,,,,
2024-11-18,6,1.3333333333333333,0.0,83.33333333333334,16.666666666666664,0.0,,,,,2.0,0.0,50.0,50.0,1.0,0.0,0.0,100.0,1.0,0.0,0.0,100.0,,,,,2.0,50.0,0.0,50.0
2024-12-02,4,1.0,50.0,25.0,0.0,25.0,2.0,100.0,0.0,0.0,3.0,66.66666666666666,0.0,0.0,,,,,2.0,0.0,50.0,50.0,,,,,3.0,66.66666666666666,0.0,0.0
2024-12-09,4,1.0,0.0,100.0,0.0,0.0,,,,,,,,,,,,,,,,,2.0,100.0,0.0,0.0,,,,
2024-12-16,6,1.0,0.0,100.0,0.0,0.0,,,,,,,,,,,,,,,,,,,,,,,,
2024-12-23,13,1.7692307692307692,7.6923076923076925,69.23076923076923,15.384615384615385,7.6923076923076925,,,,,6.0,16.666666666666664,33.33333333333333,33.33333333333333,2.0,0.0,0.0,100.0,2.0,0.0,0.0,100.0,1.0,0.0,0.0,100.0,4.0,50.0,25.0,25.0
2024-12-30,9,1.6666666666666667,22.22222222222222,55.55555555555556,22.22222222222222,0.0,1.0,100.0,0.0,0.0,2.0,0.0,50.0,50.0,1.0,0.0,0.0,100.0,4.0,50.0,0.0,50.0,,,,,3.0,66.66666666666666,0.0,33.33333333333333
2025-01-06,9,1.4444444444444444,11.11111111111111,77.77777777777779,11.11111111111111,0.0,,,,,2.0,50.0,0.0,50.0,2.0,50.0,0.0,50.0,2.0,50.0,0.0,50.0,1.0,0.0,0.0,100.0,2.0,50.0,0.0,50.0
2025-01-13,3,1.0,33.33333333333333,66.66666666666666,0.0,0.0,1.0,100.0,0.0,0.0,1.0,100.0,0.0,0.0,,,,,1.0,100.0,0.0,0.0,,,,,1.0,100.0,0.0,0.0
2025-01-20,22,3.0,18.181818181818183,27.27272727272727,54.54545454545454,0.0,6.0,50.0,0.0,50.0,11.0,0.0,9.090909090909092,90.9090909090909,8.0,12.5,0.0,87.5,14.0,14.285714285714285,21.428571428571427,64.28571428571429,3.0,33.33333333333333,0.0,66.66666666666666,17.0,17.647058823529413,11.76470588235294,64.70588235294117
2025-01-27,2,1.0,100.0,0.0,0.0,0.0,1.0,100.0,0.0,0.0,,,,,,,,,2.0,100.0,0.0,0.0,2.0,100.0,0.0,0.0,,,,
2025-02-03,6,1.0,16.666666666666664,50.0,33.33333333333333,0.0,1.0,0.0,100.0,0.0,3.0,33.33333333333333,0.0,66.66666666666666,2.0,50.0,0.0,50.0,2.0,0.0,0.0,100.0,,,,,1.0,0.0,0.0,100.0
2025-02-10,50,3.0,32.0,40.0,26.0,2.0,13.0,61.53846153846154,15.384615384615385,23.076923076923077,20.0,30.0,5.0,60.0,15.0,40.0,6.666666666666667,53.333333333333336,29.0,41.37931034482759,24.137931034482758,31.03448275862069,19.0,78.94736842105263,5.263157894736842,15.789473684210526,14.0,35.714285714285715,21.428571428571427,42.857142857142854
2025-02-17,3,1.0,100.0,0.0,0.0,0.0,1.0,100.0,0.0,0.0,1.0,0.0,100.0,0.0,,,,,1.0,100.0,0.0,0.0,1.0,100.0,0.0,0.0,2.0,50.0,50.0,0.0
2025-02-24,65,2.8153846153846156,24.615384615384617,40.0,33.84615384615385,1.5384615384615385,8.0,75.0,25.0,0.0,38.0,34.21052631578947,10.526315789473683,52.63157894736842,34.0,26.47058823529412,11.76470588235294,52.94117647058824,31.0,16.129032258064516,9.67741935483871,70.96774193548387,3.0,33.33333333333333,33.33333333333333,33.33333333333333,16.0,43.75,0.0,56.25
2025-03-03,2,2.5,100.0,0.0,0.0,0.0,2.0,50.0,0.0,0.0,,,,,,,,,1.0,100.0,0.0,0.0,,,,,,,,
2025-03-10,4,3.0,25.0,25.0,25.0,25.0,1.0,0.0,100.0,0.0,4.0,25.0,25.0,25.0,3.0,33.33333333333333,0.0,66.66666666666666,2.0,50.0,0.0,50.0,1.0,100.0,0.0,0.0,3.0,33.33333333333333,33.33333333333333,0.0
2025-03-17,11,1.3636363636363635,9.090909090909092,63.63636363636363,0.0,27.27272727272727,3.0,66.66666666666666,0.0,0.0,5.0,60.0,20.0,0.0,3.0,66.66666666666666,0.0,0.0,6.0,16.666666666666664,33.33333333333333,33.33333333333333,6.0,66.66666666666666,16.666666666666664,0.0,3.0,33.33333333333333,0.0,33.33333333333333
2025-03-24,2,1.0,50.0,50.0,0.0,0.0,1.0,100.0,0.0,0.0,,,,,,,,,1.0,100.0,0.0,0.0,,,,,1.0,100.0,0.0,0.0
2025-03-31,1,1.0,100.0,0.0,0.0,0.0,,,,,1.0,100.0,0.0,0.0,,,,,,,,,,,,,1.0,100.0,0.0,0.0
2025-04-07,38,7.052631578947368,23.684210526315788,26.31578947368421,36.84210526315789,13.157894736842104,12.0,100.0,0.0,0.0,25.0,12.0,12.0,72.0,21.0,9.523809523809524,4.761904761904762,85.71428571428571,21.0,19.047619047619047,19.047619047619047,57.14285714285714,9.0,66.66666666666666,11.11111111111111,22.22222222222222,22.0,31.818181818181817,13.636363636363635,40.909090909090914
2025-04-14,6,2.5,16.666666666666664,16.666666666666664,50.0,16.666666666666664,1.0,0.0,0.0,100.0,5.0,20.0,0.0,60.0,4.0,0.0,0.0,75.0,2.0,0.0,0.0,100.0,,,,,4.0,25.0,0.0,50.0
2025-04-21,22,2.5454545454545454,18.181818181818183,50.0,22.727272727272727,9.090909090909092,12.0,58.333333333333336,25.0,16.666666666666664,11.0,36.36363636363637,27.27272727272727,36.36363636363637,6.0,0.0,16.666666666666664,83.33333333333334,12.0,16.666666666666664,41.66666666666667,25.0,7.0,42.857142857142854,14.285714285714285,42.857142857142854,12.0,41.66666666666667,33.33333333333333,16.666666666666664
2025-04-28,5,1.4,20.0,80.0,0.0,0.0,2.0,50.0,50.0,0.0,,,,,1.0,0.0,0.0,100.0,2.0,50.0,0.0,50.0,,,,,2.0,50.0,50.0,0.0
2025-05-05,4,3.5,25.0,50.0,25.0,0.0,1.0,100.0,0.0,0.0,3.0,33.33333333333333,33.33333333333333,33.33333333333333,1.0,0.0,0.0,100.0,1.0,0.0,0.0,100.0,1.0,100.0,0.0,0.0,3.0,33.33333333333333,33.33333333333333,33.33333333333333
2025-05-12,7,1.5714285714285714,42.857142857142854,28.57142857142857,28.57142857142857,0.0,2.0,50.0,0.0,50.0,3.0,33.33333333333333,0.0,66.66666666666666,1.0,0.0,0.0,100.0,4.0,25.0,75.0,0.0,,,,,5.0,60.0,0.0,40.0
2025-05-19,8,1.125,12.5,62.5,25.0,0.0,2.0,50.0,0.0,50.0,4.0,0.0,25.0,75.0,4.0,0.0,25.0,75.0,2.0,0.0,0.0,100.0,1.0,0.0,100.0,0.0,4.0,25.0,0.0,75.0
2025-05-26,2,1.0,0.0,50.0,50.0,0.0,1.0,0.0,0.0,100.0,2.0,0.0,50.0,50.0,,,,,,,,,,,,,1.0,0.0,0.0,100.0
2025-06-02,8,1.125,25.0,37.5,37.5,0.0,2.0,50.0,0.0,50.0,5.0,40.0,0.0,60.0,3.0,0.0,0.0,100.0,2.0,50.0,0.0,50.0,2.0,0.0,100.0,0.0,4.0,50.0,0.0,50.0
2025-06-09,4,1.0,50.0,50.0,0.0,0.0,,,,,3.0,66.66666666666666,33.33333333333333,0.0,2.0,100.0,0.0,0.0,2.0,100.0,0.0,0.0,2.0,100.0,0.0,0.0,1.0,0.0,100.0,0.0
2025-06-16,1,1.0,100.0,0.0,0.0,0.0,1.0,100.0,0.0,0.0,1.0,100.0,0.0,0.0,,,,,1.0,100.0,0.0,0.0,1.0,100.0,0.0,0.0,1.0,100.0,0.0,0.0
2025-06-30,4,1.0,0.0,50.0,50.0,0.0,1.0,0.0,0.0,100.0,2.0,0.0,0.0,100.0,2.0,0.0,0.0,100.0,1.0,0.0,0.0,100.0,1.0,0.0,0.0,100.0,2.0,0.0,0.0,100.0
2025-07-07,3,1.3333333333333333,0.0,66.66666666666666,0.0,33.33333333333333,2.0,0.0,0.0,50.0,,,,,,,,,1.0,0.0,0.0,100.0,,,,,3.0,0.0,33.33333333333333,33.33333333333333
2025-07-14,2,1.0,0.0,100.0,0.0,0.0,,,,,,,,,,,,,,,,,,,,,,,,
2025-07-21,4,2.5,25.0,25.0,50.0,0.0,1.0,0.0,100.0,0.0,4.0,25.0,25.0,50.0,3.0,33.33333333333333,0.0,66.66666666666666,2.0,0.0,0.0,100.0,,,,,4.0,25.0,25.0,50.0
2025-07-28,3,1.0,0.0,100.0,0.0,0.0,,,,,,,,,,,,,,,,,,,,,1.0,0.0,100.0,0.0
2025-08-04,14,1.3571428571428572,50.0,0.0,42.857142857142854,7.142857142857142,9.0,44.44444444444444,22.22222222222222,33.33333333333333,7.0,14.285714285714285,0.0,85.71428571428571,7.0,14.285714285714285,0.0,85.71428571428571,10.0,40.0,0.0,60.0,4.0,25.0,0.0,50.0,10.0,40.0,0.0,50.0
2025-08-11,2,1.0,0.0,0.0,100.0,0.0,1.0,0.0,0.0,100.0,2.0,0.0,0.0,100.0,1.0,0.0,0.0,100.0,1.0,0.0,0.0,100.0,,,,,2.0,0.0,0.0,100.0
2025-08-18,6,1.0,0.0,83.33333333333334,16.666666666666664,0.0,1.0,0.0,0.0,100.0,1.0,0.0,0.0,100.0,,,,,,,,,,,,,2.0,0.0,50.0,50.0
2025-08-25,4,1.25,0.0,100.0,0.0,0.0,,,,,,,,,,,,,,,,,,,,,1.0,0.0,100.0,0.0
2025-09-08,9,1.5555555555555556,33.33333333333333,55.55555555555556,11.11111111111111,0.0,2.0,0.0,50.0,50.0,2.0,100.0,0.0,0.0,,,,,2.0,50.0,50.0,0.0,,,,,6.0,50.0,33.33333333333333,16.666666666666664
2025-09-15,2,1.0,0.0,100.0,0.0,0.0,,,,,,,,,,,,,,,,,,,,,1.0,0.0,0.0,100.0
2025-09-29,1,1.0,0.0,100.0,0.0,0.0,,,,,,,,,,,,,1.0,100.0,0.0,0.0,,,,,,,,
2025-10-13,1,1.0,100.0,0.0,0.0,0.0,1.0,100.0,0.0,0.0,,,,,,,,,1.0,0.0,100.0,0.0,1.0,100.0,0.0,0.0,,,,
2025-10-20,2,1.0,0.0,100.0,0.0,0.0,,,,,,,,,,,,,,,,,,,,,1.0,0.0,100.0,0.0
2025-10-27,72,8.25,8.333333333333332,15.277777777777779,75.0,1.3888888888888888,4.0,75.0,25.0,0.0,35.0,20.0,11.428571428571429,65.71428571428571,47.0,12.76595744680851,4.25531914893617,82.97872340425532,61.0,4.918032786885246,13.114754098360656,81.9672131147541,1.0,0.0,0.0,100.0,,,,
2025-11-03,21,2.142857142857143,14.285714285714285,33.33333333333333,47.61904761904761,4.761904761904762,3.0,66.66666666666666,33.33333333333333,0.0,9.0,33.33333333333333,0.0,66.66666666666666,8.0,0.0,0.0,100.0,13.0,7.6923076923076925,15.384615384615385,69.23076923076923,1.0,0.0,0.0,100.0,1.0,0.0,0.0,100.0
2025-11-10,3,1.0,0.0,33.33333333333333,66.66666666666666,0.0,1.0,0.0,100.0,0.0,1.0,0.0,0.0,100.0,2.0,0.0,0.0,100.0,3.0,0.0,33.33333333333333,66.66666666666666,,,,,,,,
